{"cameraMode":{"drawMode":0,"name":"Shaded","section":"Shading Mode"},"sceneLighting":false,"audioPlay":false,"sceneViewState":{"showFog":true,"showMaterialUpdate":false,"showSkybox":false,"showFlares":true,"showImageEffects":true,"showParticleSystems":true,"showVisualEffectGraphs":true,"m_FxEnabled":true},"in2DMode":false,"pivot":{"x":0.016637444496154786,"y":0.5232706069946289,"z":0.08062008023262024},"rotation":{"x":0.20180442929267884,"y":-0.033776674419641498,"z":0.006969957612454891,"w":0.9788127541542053},"size":0.7493734955787659,"orthographic":false}