{"cameraMode":{"drawMode":0,"name":"Shaded","section":"Shading Mode"},"sceneLighting":false,"audioPlay":false,"sceneViewState":{"showFog":true,"showMaterialUpdate":false,"showSkybox":false,"showFlares":true,"showImageEffects":true,"showParticleSystems":true,"showVisualEffectGraphs":true,"m_FxEnabled":true},"in2DMode":false,"pivot":{"x":-0.5423790812492371,"y":0.0026668270584195854,"z":0.4316904842853546},"rotation":{"x":-0.22975967824459077,"y":-0.08832664787769318,"z":0.02094474993646145,"w":-0.9690052270889282},"size":1.0026633739471436,"orthographic":false}