{"cameraMode":{"drawMode":0,"name":"Shaded","section":"Shading Mode"},"sceneLighting":false,"audioPlay":false,"sceneViewState":{"showFog":true,"showMaterialUpdate":false,"showSkybox":false,"showFlares":true,"showImageEffects":true,"showParticleSystems":true,"showVisualEffectGraphs":true,"m_FxEnabled":true},"in2DMode":false,"pivot":{"x":-1.0234367847442628,"y":1.6879109144210816,"z":-0.09340430796146393},"rotation":{"x":-0.25091421604156496,"y":-0.41722890734672549,"z":0.12102159112691879,"w":-0.8650542497634888},"size":0.8660253882408142,"orthographic":false}