{"cameraMode":{"drawMode":0,"name":"Shaded","section":"Shading Mode"},"sceneLighting":false,"audioPlay":false,"sceneViewState":{"showFog":true,"showMaterialUpdate":false,"showSkybox":false,"showFlares":true,"showImageEffects":true,"showParticleSystems":true,"showVisualEffectGraphs":true,"m_FxEnabled":true},"in2DMode":false,"pivot":{"x":-0.5659397840499878,"y":0.022443119436502458,"z":0.6653175950050354},"rotation":{"x":0.0771908164024353,"y":-0.8898335695266724,"z":0.16406261920928956,"w":0.4187009930610657},"size":1.0026633739471436,"orthographic":false}